{
  "id": "4487674",
  "name": "number",
  "font_family": "iconfont",
  "css_prefix_text": "icon-",
  "description": "",
  "glyphs": [
    {
      "icon_id": "190262",
      "name": "数字0",
      "font_class": "shuzi0",
      "unicode": "e696",
      "unicode_decimal": 59030
    },
    {
      "icon_id": "190263",
      "name": "数字1",
      "font_class": "shuzi1",
      "unicode": "e697",
      "unicode_decimal": 59031
    },
    {
      "icon_id": "190264",
      "name": "数字2",
      "font_class": "shuzi2",
      "unicode": "e698",
      "unicode_decimal": 59032
    },
    {
      "icon_id": "190265",
      "name": "数字3",
      "font_class": "shuzi3",
      "unicode": "e699",
      "unicode_decimal": 59033
    },
    {
      "icon_id": "190266",
      "name": "数字4",
      "font_class": "shuzi4",
      "unicode": "e69a",
      "unicode_decimal": 59034
    },
    {
      "icon_id": "190267",
      "name": "数字5",
      "font_class": "shuzi5",
      "unicode": "e69b",
      "unicode_decimal": 59035
    },
    {
      "icon_id": "190268",
      "name": "数字6",
      "font_class": "shuzi6",
      "unicode": "e69c",
      "unicode_decimal": 59036
    },
    {
      "icon_id": "190269",
      "name": "数字7",
      "font_class": "shuzi7",
      "unicode": "e69d",
      "unicode_decimal": 59037
    },
    {
      "icon_id": "190270",
      "name": "数字8",
      "font_class": "shuzi8",
      "unicode": "e69e",
      "unicode_decimal": 59038
    },
    {
      "icon_id": "190271",
      "name": "数字9",
      "font_class": "shuzi9",
      "unicode": "e69f",
      "unicode_decimal": 59039
    }
  ]
}
